protein,sequence,length,method,representation,n_states,n_qubits,config_space,seed,layers,alpha,shots,maxiter,restarts,optimizer,vqe_energy,vqe_modal_energy,best_seen_energy,native_energy,energy_gap,ca_rmsd_angstrom,backbone_rmsd_angstrom,ceiling_ca_rmsd,contact_f1,longrange_contact_recall,ss_agreement,ss_predicted,ss_native,n_energy_evaluations,n_objective_evals,runtime,distribution_top1_prob,distribution_entropy_bits,vqe_bitstring,best_seen_bitstring
1UAO,GYDPETGTWG,10,A_lattice_vqe,lattice,4,18,262144.0,0,4,0.15,2048,150,2,COBYLA,9.847040750914505,9.847040750914505,9.847040750914505,nan,nan,9.847763775761026,nan,1.9419830122892319,0.0,0.0,nan,unavailable,unavailable,7831,300,8.516018390655518,0.3339898944356793,6.0537465328534905,000000000000000000,000000000000000000
1UAO,GYDPETGTWG,10,B_torsion_vqe,torsion,4,20,1048576.0,0,4,0.15,2048,150,2,COBYLA,-7.4308277913442895,-7.4308277913442895,-7.4308277913442895,6.029738467036181,-13.46056625838047,5.153351323199144,4.973084023760589,2.319942229711739,0.32,0.0,0.3,HHHHHHHHHH,ECHCCHHCCE,11080,300,39.89477300643921,0.2753304420996447,6.79178049750838,00000000000000000000,00000000000000000000
1UAO,GYDPETGTWG,10,C_torsion_sa,torsion,4,20,1048576.0,0,4,0.15,2048,150,2,COBYLA,-7.4308277913442895,nan,-7.4308277913442895,6.029738467036181,-13.46056625838047,5.153351323199144,4.973084023760589,2.319942229711739,0.32,0.0,0.3,HHHHHHHHHH,ECHCCHHCCE,11245,20000,3.17923903465271,nan,nan,00000000000000000000,00000000000000000000
1UAO,GYDPETGTWG,10,D_torsion_random,torsion,4,20,1048576.0,0,4,0.15,2048,150,2,COBYLA,-5.658326111571116,nan,-5.658326111571116,6.029738467036181,-11.688064578607296,4.539431433930544,4.365008060612398,2.319942229711739,0.32,0.0,0.3,CHHHHHHHHH,ECHCCHHCCE,19822,20000,5.608876705169678,nan,nan,01010000000000000010,01010000000000000010
1LE0,SWTWEGNKWTWK,12,A_lattice_vqe,lattice,4,22,4194304.0,0,4,0.15,2048,200,2,COBYLA,13.527991118791002,13.527991118791002,13.527991118791002,nan,nan,12.945169993969728,nan,2.2439088375506397,0.0,0.0,nan,unavailable,unavailable,18365,400,308.3708641529083,0.16031278386918918,8.071455269580628,0000000000000000000000,0000000000000000000000
1LE0,SWTWEGNKWTWK,12,A_lattice_vqe,lattice,4,22,4194304.0,0,4,0.15,2048,150,1,COBYLA,13.527991118791002,13.527991118791002,13.527991118791002,nan,nan,12.945169993969728,nan,2.2439088375506397,0.0,0.0,nan,unavailable,unavailable,11455,150,118.39785385131836,0.16031278386918918,8.071455269580628,0000000000000000000000,0000000000000000000000
1LE0,SWTWEGNKWTWK,12,B_torsion_vqe,torsion,4,24,16777216.0,0,4,0.15,2048,150,1,COBYLA,-2.0188052620678416,0.6755747612971199,-2.237540815696985,4.764023704414842,-6.7828289664826835,8.326335214090788,8.173335079581303,9.50482073285585,0.10526315789473685,0.0,0.5,CCCCCCCCCCCC,ECECHCCHCECE,39599,150,503.9929633140564,0.023157430480405933,11.905544540083804,000001010001100001010100,000101101000000001010100
1LE0,SWTWEGNKWTWK,12,C_torsion_sa,torsion,4,24,16777216.0,0,4,0.15,2048,150,1,COBYLA,-2.888721220936951,nan,-2.888721220936951,4.764023704414842,-7.652744925351793,6.353098330663556,6.044863698655979,9.50482073285585,0.0,0.0,0.5,CCCCCCCCCCCC,ECECHCCHCECE,14004,20000,5.122112274169922,nan,nan,000101010001010001010100,000101010001010001010100
1LE0,SWTWEGNKWTWK,12,D_torsion_random,torsion,4,24,16777216.0,0,4,0.15,2048,150,1,COBYLA,-1.839946209244118,nan,-1.839946209244118,4.764023704414842,-6.603969913658959,6.891494274372147,6.635110489004817,9.50482073285585,0.0,0.0,0.5,CCCCCCCCCCCC,ECECHCCHCECE,19990,20000,7.153294801712036,nan,nan,010100010010010001010100,010100010010010001010100
1UAO,GYDPETGTWG,10,A_lattice_vqe,lattice,4,18,262144.0,0,4,0.15,2048,150,1,COBYLA,9.847040750914505,9.847040750914505,9.847040750914505,nan,nan,9.847763775761026,nan,1.941983012289232,0.0,0.0,nan,unavailable,unavailable,5214,150,5.514872074127197,0.3339898944356793,6.0537465328534905,000000000000000000,000000000000000000
1UAO,GYDPETGTWG,10,B_torsion_vqe,torsion,4,20,1048576.0,0,4,0.15,2048,150,1,COBYLA,-2.1673057152379114,-1.1338020603327796,-2.2870453449617316,5.5135052415812975,-7.680810956819209,5.442370788579292,5.313806408720569,0.9629778226440847,0.15384615384615385,0.0,0.5,CCCCCCCCCC,ECHCCHHCCE,33276,150,35.5040078163147,0.05458156626760975,10.668939670292183,00011010001001010100,01010110001001010100
1UAO,GYDPETGTWG,10,C_torsion_sa,torsion,4,20,1048576.0,0,4,0.15,2048,150,1,COBYLA,-2.4495552044038744,nan,-2.4495552044038744,5.5135052415812975,-7.963060445985172,5.538624469202547,5.509380053288213,0.9629778226440847,0.15384615384615385,0.0,0.5,CCCCCCCCCC,ECHCCHHCCE,13632,20000,4.620863199234009,nan,nan,01010110000101010100,01010110000101010100
1UAO,GYDPETGTWG,10,D_torsion_random,torsion,4,20,1048576.0,0,4,0.15,2048,150,1,COBYLA,-2.0688096215359684,nan,-2.0688096215359684,5.5135052415812975,-7.582314863117266,5.68555628982697,5.522394327738181,0.9629778226440847,0.15384615384615385,0.0,0.5,CCCCCCCCCC,ECHCCHHCCE,19822,20000,7.224810361862183,nan,nan,00010110000101100100,00010110000101100100
1LE0,SWTWEGNKWTWK,12,A_lattice_vqe,lattice,4,22,4194304.0,0,4,0.15,2048,150,1,COBYLA,13.527991118791002,13.527991118791002,13.527991118791002,nan,nan,12.945169993969728,nan,2.4140368763141367,0.0,0.0,nan,unavailable,unavailable,11455,150,124.05283856391907,0.16031278386918918,8.071455269580628,0000000000000000000000,0000000000000000000000
1LE0,SWTWEGNKWTWK,12,B_torsion_vqe,torsion,4,24,16777216.0,0,4,0.15,2048,150,1,COBYLA,-2.0188052620678416,0.6755747612971199,-2.237540815696985,4.764023704414842,-6.7828289664826835,8.326335214090788,8.173335079581303,1.7182171381425875,0.10526315789473685,0.0,0.5,CCCCCCCCCCCC,ECECHCCHCECE,39599,150,507.3383619785309,0.023157430480405933,11.905544540083804,000001010001100001010100,000101101000000001010100
1LE0,SWTWEGNKWTWK,12,C_torsion_sa,torsion,4,24,16777216.0,0,4,0.15,2048,150,1,COBYLA,-2.888721220936951,nan,-2.888721220936951,4.764023704414842,-7.652744925351793,6.353098330663556,6.044863698655979,1.7182171381425875,0.0,0.0,0.5,CCCCCCCCCCCC,ECECHCCHCECE,14004,20000,4.835150957107544,nan,nan,000101010001010001010100,000101010001010001010100
1LE0,SWTWEGNKWTWK,12,D_torsion_random,torsion,4,24,16777216.0,0,4,0.15,2048,150,1,COBYLA,-1.839946209244118,nan,-1.839946209244118,4.764023704414842,-6.603969913658959,6.891494274372147,6.635110489004817,1.7182171381425875,0.0,0.0,0.5,CCCCCCCCCCCC,ECECHCCHCECE,19990,20000,7.395822286605835,nan,nan,010100010010010001010100,010100010010010001010100
